24828,Verona Boyer,Charity_Hane34@gmail.com
33144,Rosetta Wuckert,Carson.Bernhard@hotmail.com
67592,Tianna Runte II,London89@hotmail.com
38309,Howard Champlin,Myrna.Buckridge@yahoo.com
14637,Cydney Corkery,Geovanni60@yahoo.com
42335,Gabriel Kuhn,Margret_Terry@gmail.com
65709,Jovany Kuhn IV,Jeff_Will@gmail.com
66894,Ellis Huels,Yazmin.Berge21@gmail.com
92985,Cloyd Goldner,Cooper96@hotmail.com
29203,Misty Lesch,Kim49@yahoo.com
48971,Josue Abshire,Tevin87@hotmail.com
64070,Nathanial Schiller Jr.,Bert.Walker@hotmail.com
93154,Modesta Klocko,Aglae.Dietrich6@gmail.com
47539,Clotilde Keeling,Amelia_Ledner@yahoo.com
51789,Karlie Hane,Grayce76@yahoo.com
62703,Estefania Kris,Gabriel_Walker@yahoo.com
80179,Jasen Kohler,Dessie_Frami86@gmail.com
68647,Parker Veum,Scottie26@yahoo.com
34337,Nora Dickinson,Anna_Pagac@yahoo.com
66411,Alberta Pagac,Gretchen.Schamberger@gmail.com
49181,Jody Farrell,Lew.Miller19@hotmail.com
33926,Lora Hoppe,Violette52@hotmail.com
56313,Willard Mohr,Gardner20@yahoo.com
67898,Scot Weissnat,Alexandria.Lockman@hotmail.com
49819,Miss Hunter Wintheiser,Montana82@gmail.com
15368,Joshua Botsford,Lucinda.Schmidt@yahoo.com
59582,Itzel Tromp,Crystel.Ortiz32@yahoo.com
32144,Nikita McCullough,Eloisa19@hotmail.com
98331,Amelie Watsica,Chris_Jakubowski99@hotmail.com
95157,Dee Mitchell,Vincent96@yahoo.com
41785,Liam Casper,Jakayla_Pacocha@yahoo.com
24698,Elinor Labadie III,Cheyanne14@yahoo.com
71291,Ines Russel,Robbie.Douglas@yahoo.com
91148,Rita Lemke,Greta.Rogahn@yahoo.com
31158,Khalid Keebler,Judge_Ortiz19@yahoo.com
861,Doris Bechtelar III,Sylvester23@yahoo.com
57723,Bridget Okuneva,Shawna.Olson@hotmail.com
1906,Kenny Cummings,Trent41@hotmail.com
76254,Dr. Rudolph Willms,Camren_Ritchie@gmail.com
51419,Derick Herman,Carlie_Tromp26@hotmail.com
3160,Iliana Conroy,Brooks_DuBuque@gmail.com
97837,Oda O'Connell,Brittany11@gmail.com
72563,Bernardo Wunsch,Peggie79@gmail.com
91520,Estell Flatley,Owen.Rosenbaum@hotmail.com
17440,Scottie O'Kon,Lamont.Daugherty@hotmail.com
83038,Tobin Bergnaum,Guy_Schuster@gmail.com
26338,Dawn Walter,Jayden_Gutmann52@yahoo.com
48661,Edd McCullough,Emmett_Reichert@gmail.com
88632,Audreanne Haag,Tavares48@hotmail.com
49327,D'angelo Luettgen,Willard_Smith@gmail.com
2049,Loma Rice,Dianna.Mueller39@yahoo.com
82364,Maurice Okuneva,Burdette.Lebsack@hotmail.com
46217,Caterina Franecki,Pascale.Keeling@yahoo.com
10565,Nathaniel Stanton,Jennie.Schiller81@hotmail.com
15253,Lenna Kilback,Kasey2@yahoo.com
95895,Joey Glover,Freddy.DuBuque@hotmail.com
21124,Elyse Feest,Tyree53@gmail.com
96174,Miss Tobin Pollich,Alena_Turner@yahoo.com
30772,Omari Dicki,Kasandra89@yahoo.com
25461,Conor Gusikowski,Anderson.Williamson64@yahoo.com
68176,Eleanore Terry,April_Bahringer76@yahoo.com
2489,Kory Ledner,Isac8@hotmail.com
54729,Katelin Dickens,Suzanne66@gmail.com
35774,Myrtie Carroll,Norval92@gmail.com
27685,Ms. Lina Larson,Jorge.Feeney@yahoo.com
86796,Hazle Carter,August25@yahoo.com
84815,Gisselle Hintz,Pansy72@yahoo.com
91061,Clementine Spinka,Randy_Kunde@hotmail.com
88776,Mittie Lowe,Stephan97@yahoo.com
14979,Benjamin Langworth,Retta.Skiles@yahoo.com
96054,Carol Goldner,Mary.King26@hotmail.com
37427,Jaime Senger,Yasmin_Cremin87@gmail.com
20483,Leone Ortiz,Trevion_Heaney@gmail.com
24748,Elza Fahey Sr.,Priscilla_Breitenberg@hotmail.com
58822,Rossie Schaden,Giovanni_Dach@hotmail.com
32360,Rowland Rath,Theresa63@hotmail.com
58929,Catalina D'Amore V,Casimir95@hotmail.com
75023,Earl Pouros,Jalyn_Weimann@hotmail.com
64626,Mr. Derek Gutkowski,Claudie_Lebsack8@yahoo.com
11178,Emely Heller,Kailey95@gmail.com
15885,Koby Kohler III,Idell_Prosacco97@gmail.com
51685,Parker Thiel,Berenice.Robel12@gmail.com
15752,Matilde Sipes,Price.Hammes70@hotmail.com
14507,Marlene Heidenreich V,Chadd80@hotmail.com
1736,Tiara Oberbrunner,Kolby_Brakus@gmail.com
18386,Catherine Lemke,Vince78@hotmail.com
20635,Julius Kautzer,Vicky_Ritchie4@gmail.com
27052,Nick Stracke,Myah.Hickle4@hotmail.com
29560,Rory Abshire,Colby39@gmail.com
13713,Elise Becker,Carolina87@hotmail.com
14291,Gus Becker,Genevieve_Crooks@yahoo.com
65812,Reed Harber,Raymond_Conroy@gmail.com
79118,Cathy Zieme Sr.,Jaleel6@gmail.com
35339,Buddy Leuschke,Oran3@hotmail.com
22600,Jaiden Schultz,Damian.Sporer@yahoo.com
17425,Kris Bahringer,Afton_Nolan@hotmail.com
93478,May Orn,Nikki16@hotmail.com
6569,Declan Beatty,Jammie_Rogahn6@yahoo.com
47189,Litzy VonRueden,Ally.Fahey@yahoo.com
2130,Samson Russel,Virginia_Stehr14@gmail.com
39792,Nicolas Frami,Vernon20@gmail.com
72542,Mr. Nadia Stanton,Elwin.Lind30@hotmail.com
24206,Miss Penelope Hoppe,Price_Trantow61@gmail.com
9093,Dexter Homenick,Blake93@gmail.com
91059,Elliott Hackett,Pansy_Fay@yahoo.com
60682,Sebastian Bailey,Jarod.Prohaska@yahoo.com
87520,Kenton Gaylord,Frankie52@gmail.com
52050,Ms. Alanna Ledner,Claudie.Towne72@hotmail.com
34474,Celine Bailey,Delphine5@gmail.com
53882,Rosendo Wilderman,Sammy31@hotmail.com
73256,Augusta Keeling,Tressie77@gmail.com
40986,Misael Boyle,Palma.Kris88@gmail.com
63431,Malvina Yost,Helena69@gmail.com
17988,Violet Gleichner,Leonel36@hotmail.com
25952,Sidney Wehner,Abby_Bergnaum@hotmail.com
35994,Kiara Pouros,Rex_Pacocha2@yahoo.com
56529,Miss Aylin O'Connell,Annabelle.Nienow67@yahoo.com
50801,Mr. Stephon O'Conner,Alana62@hotmail.com
30961,Dr. Jerry Renner,Jacey.Kreiger@yahoo.com
1744,Christelle Witting,Sterling25@gmail.com
77975,Kamron Rice,Keshaun11@yahoo.com
77185,Rosemarie Pagac II,Maggie_Barrows@yahoo.com
87385,Theresia Kautzer,Jimmie63@yahoo.com
78814,Anjali Legros,Okey53@gmail.com
98175,Giles Barrows,Emerson_Veum@yahoo.com
95413,Aiden Weber DVM,Mattie_Cassin@yahoo.com
52366,Braden Robel,Katheryn16@gmail.com
52778,Mittie Gibson Jr.,Lorenza.Hahn@gmail.com
36236,Ubaldo Lynch,Joanne_Nicolas65@yahoo.com
59701,Madge Leuschke,Prince_Mante94@hotmail.com
95186,Kristina Kertzmann II,Macy_Fisher@gmail.com
28742,Mr. Wanda Jaskolski,Brent72@gmail.com
15864,Ayden Boehm,Nyah_Farrell61@hotmail.com
2661,Jake Little,Omer_OKeefe28@gmail.com
86025,Jennifer Yundt,Ardella52@yahoo.com
50280,Rosa Wolff,Edd_Cronin34@hotmail.com
76437,Berneice Schinner,Mollie.Erdman@yahoo.com
35528,Kane Schmidt,Shea64@hotmail.com
48832,Clifton Strosin V,Rene_Jacobi0@hotmail.com
52855,Neil Walter,Esta99@gmail.com
91618,Ms. Khalil Sauer,Ignacio_Stroman59@hotmail.com
20183,Edwardo Willms,Brent_Homenick15@gmail.com
80964,Cayla Will,Alexis.Ebert77@gmail.com
26188,Cortez Feest,Brandi.Grant36@yahoo.com
34728,Dessie Wiegand,Hester_Bashirian@hotmail.com
70538,Amari Volkman,Peter_Wiza@yahoo.com
83670,Maria Corkery,Pedro.Beahan63@gmail.com
476,Jacky Walter,Caterina_Reichert@gmail.com
82754,Brent Steuber,Frieda.Reilly@gmail.com
17931,Deja Zieme,Angie39@gmail.com
33454,Sonia Trantow,Bill_Tremblay@yahoo.com
43052,Gayle Sauer,Ofelia.Farrell@yahoo.com
57760,Name Sporer,Helena.Dare@hotmail.com
9911,Kenny Sipes,Marisol.Hegmann36@hotmail.com
11577,Ms. Hermann Streich,Moses.Stehr@gmail.com
97974,Emmitt Shields,Lawrence_Kertzmann@hotmail.com
74418,Dr. Anastasia Ritchie,Emilio94@hotmail.com
94164,Miss Casandra Lindgren,Matilde70@yahoo.com
6557,Mrs. Albert Haag,Bradford15@gmail.com
42107,Brooks Rohan DDS,Mossie40@gmail.com
23840,Bart Weimann,Mario.Wilderman75@hotmail.com
85640,Laverne Hyatt,Tressie.Thompson@yahoo.com
45482,Kaia Hagenes,Kade.Kuhn25@hotmail.com
81107,Flavio Halvorson Sr.,Era4@gmail.com
91206,Karli Larson,Jack50@hotmail.com
40442,Alva Streich,Edyth.Jones60@gmail.com
72811,Dr. Brittany Schumm,Kenna20@gmail.com
71689,Delbert Halvorson,Elian0@hotmail.com
9219,Madeline Jast,Clarissa_Wehner@hotmail.com
32690,Marcelo Davis,Brook.Kohler29@yahoo.com
44875,Alia Cole,Kailey.Emard85@gmail.com
71749,Josefa Aufderhar,Salvatore.Orn27@gmail.com
61458,Miss Van Heller,Misael7@yahoo.com
61113,Etha Russel,Ruthe76@hotmail.com
65556,Fred Reichel,Roslyn35@gmail.com
98591,Mr. Kaleigh Bechtelar,Muhammad56@gmail.com
29912,Gracie Ratke,Ulises.Green22@yahoo.com
60402,Wilfred Murphy,Trenton4@gmail.com
59784,Caleb Ziemann,Collin.Moen@yahoo.com
80607,Martin Gottlieb,Vinnie2@hotmail.com
38278,Kimberly Okuneva PhD,Nova.Kertzmann@yahoo.com
13932,Florida Schaden,Adelle12@gmail.com
19101,Lyda Schmeler,Cielo.Wilkinson@hotmail.com
28563,Lloyd Sanford,June58@yahoo.com
43543,Name Mayert,Keagan_Hane18@yahoo.com
93452,Carol Moen,Robb.Schimmel58@yahoo.com
58897,Rosie Flatley,Jensen73@gmail.com
66763,Maeve Hansen,Antone_Sauer@hotmail.com
78553,Bella Fritsch,Adele_Murazik5@hotmail.com
92460,Julian Kohler,Henry.Wolff@gmail.com
4929,Candido Wunsch,Eleonore_Hirthe@gmail.com
80562,Lonny Larson,Neal96@yahoo.com
17694,Mrs. Berenice Ferry,Verdie.Tromp@gmail.com
26669,Ms. Alyson Wunsch,Avis_Erdman@hotmail.com
88745,Alaina Morissette,Willa31@hotmail.com
92914,Ethyl Weimann,Leta79@yahoo.com
55969,Candice Mayer II,Luz.DuBuque@yahoo.com
12772,Mrs. Clementina Parisian,Jo.Schuppe@hotmail.com
77809,Ellsworth Mertz,Clotilde.Olson@yahoo.com
65335,Dr. Donato Schultz,Zachery_OKeefe23@gmail.com
50785,Maye Macejkovic,Zora13@hotmail.com
73249,Noemie Williamson,Eryn.Rodriguez13@hotmail.com
66865,Mr. Herminia Ratke,Gaetano_Osinski@gmail.com
53299,Lolita Fisher,Jayden41@yahoo.com
38839,Mylene Lesch,Harley.Carter1@yahoo.com
79414,Eldridge Spencer,Florencio.Williamson27@yahoo.com
97892,Vincenzo Predovic,Kody.Jast86@yahoo.com
51603,Miss Ignatius Cruickshank,Breana_Hahn@gmail.com
82899,Taylor Volkman,Benton_Yundt49@hotmail.com
27783,Priscilla Brakus,Luciano.Weimann81@gmail.com
39611,Katherine Miller,Jacey23@hotmail.com
58165,Francesca Jerde,Clint.Parisian@yahoo.com
50971,Mohammad Runolfsson,Wellington.Sauer@gmail.com
65808,Alvina Senger,Emmanuel.Hettinger91@gmail.com
75551,Edgar Hackett II,Napoleon.Lang@hotmail.com
80911,Pink Green Jr.,Taya.Fadel90@yahoo.com
13826,Mrs. Geovanni Daugherty,Shanie.Mayer@gmail.com
34916,Mohammad Nader,Annabelle29@yahoo.com
70356,Alanis Dibbert,Sylvan.Quitzon36@hotmail.com
91845,April Wiza,Rhoda_Volkman83@yahoo.com
42578,Adell Kris,Lera.Mraz@gmail.com
62949,Ima Kreiger,Milton77@hotmail.com
36560,Immanuel Baumbach,Antonietta16@hotmail.com
91836,Gerardo Kihn,Mozell_Mueller@hotmail.com
76583,Shyann Bashirian,Vince.Weissnat@yahoo.com
67479,Aditya Lueilwitz,Zack.Kuhn@yahoo.com
80417,Ms. Carlotta Hane,Celine_Herzog99@gmail.com
22885,Dante Feest,Kyleigh18@gmail.com
38213,Justus Heaney,Tanya_Kuhic25@hotmail.com
25084,Georgiana McClure,Loren_Swift85@yahoo.com
20585,Chester Daugherty,Jadyn.Pacocha80@hotmail.com
70864,Clement Hintz,Breanne.Greenfelder@yahoo.com
24336,Leda Marks,Karianne_Purdy@hotmail.com
46585,Cielo Dietrich V,Sydney_Graham58@yahoo.com
13125,Abagail Dickinson,Euna_Daniel@gmail.com
135,Mrs. Darron Zemlak,Sandrine95@hotmail.com
63026,Heather Marquardt,Ellie.Barrows66@hotmail.com
8290,Stephany Goldner,Rusty.Daugherty46@yahoo.com
25574,Claude Donnelly,Douglas_McLaughlin@hotmail.com
23836,Bennie Upton,Frances_Barrows@yahoo.com
82969,Lera Romaguera,Kiera.Wolf27@gmail.com
12921,Korey Cronin,Garnet.Bechtelar@yahoo.com
43677,Henderson Ondricka,Kirk_Barrows48@gmail.com
66722,Dalton Treutel,April.Carter46@gmail.com
58351,Patricia Eichmann II,Tianna15@gmail.com
2419,Tiffany Conn V,Freddy_Yost58@yahoo.com
33484,Nia Blanda,Clarabelle5@gmail.com
97097,Colleen Kirlin,Lue28@gmail.com
27157,Jocelyn Hermiston IV,Brad49@gmail.com
72730,Brayan Hansen,Sylvester63@yahoo.com
77187,Hassie Mitchell,Lourdes.Senger@hotmail.com
78237,Lysanne Moen,Corrine_Boyle75@gmail.com
2815,Adalberto Predovic,Lilla55@hotmail.com
44408,Elizabeth Rodriguez V,Kayli21@hotmail.com
74684,Jovanny Cormier,Newell.Terry96@hotmail.com
64459,Grace Ryan,Beatrice_Nienow@gmail.com
8611,Otto Morissette,Candelario.Walsh78@gmail.com
28702,Jillian Tillman MD,Vidal88@gmail.com
47610,London Corwin,Piper76@gmail.com
93037,Dennis Tromp,Mackenzie15@gmail.com
96341,Beaulah Quigley Sr.,Reuben30@gmail.com
2445,Stephanie Russel,Selena40@hotmail.com
28355,Margie Eichmann,Quincy_Becker33@gmail.com
7808,Bennie Kunde,Annetta.Lindgren11@hotmail.com
86821,Rhoda Satterfield,Lizeth_Zieme@hotmail.com
33394,Katelynn Jacobson,Name_Robel@gmail.com
48942,Sylvan Hilpert,Gene.Bernhard@yahoo.com
84846,Ransom Marvin,Mara32@hotmail.com
56589,Aubrey Luettgen,Nick.Schultz70@hotmail.com
18596,Ada Steuber DDS,Orval40@hotmail.com
73735,Kimberly Marquardt,Lori30@yahoo.com
79069,Reynold Greenholt,Lauretta40@hotmail.com
23192,Whitney Schuppe,Vida.Boyer@yahoo.com
8123,Gladys Gorczany,Meghan.Parisian93@hotmail.com
2440,Bridgette Hegmann,Jose9@gmail.com
65812,Shayne Ryan,Mohamed.Legros@hotmail.com
10376,Titus Doyle,Bo_Hermann@yahoo.com
86683,Angelo Bayer,Orpha3@hotmail.com
90474,Frank Rempel,Johnnie64@gmail.com
60969,Cory Pfeffer,Sherman.Murray@hotmail.com
26868,Dr. Carolina Hackett,Prince_Konopelski@gmail.com
44313,Ms. Hilbert Barrows,Jakayla_Braun@gmail.com
31462,Norma Schinner,Liliane.Ryan47@hotmail.com
22960,Alexandrine Klein,Katharina25@yahoo.com
97679,Clement Reilly MD,Maud_Orn@hotmail.com
87225,Krystina Fritsch Sr.,Jerod9@hotmail.com
98420,Hildegard Bechtelar,Nico.Russel36@hotmail.com
49566,Merle Steuber DVM,Breanne_Pfannerstill@gmail.com
4217,Kirstin Herzog,Deja_Toy@hotmail.com
99488,Mike Rempel,Margarett.Rohan@gmail.com
35562,Dr. Kayli Wyman,Alena47@gmail.com
53327,Dejuan Herman,Ardella49@hotmail.com
51767,Irwin Kshlerin,Brisa_Gusikowski65@gmail.com
54425,Edyth Connelly,Harvey_Rodriguez@hotmail.com
6578,Ola Lemke,Leif_Rowe@gmail.com
91952,Ruth Gulgowski,Diana.Tromp@yahoo.com
35727,Arturo Robel IV,Brigitte74@hotmail.com
49225,Gracie Windler,Bria.Howe23@gmail.com
97352,Vickie Bosco,Lynn_Howell12@hotmail.com
78725,Marjory O'Reilly,Holly_Bergnaum@yahoo.com
62110,Dixie Kirlin,Eugene18@gmail.com
84280,Kaden Douglas,Vernice94@gmail.com
7991,Orval Ebert,Harrison23@gmail.com
95676,Amina Adams,Oleta.Legros@hotmail.com
31788,Elnora Schulist,Krystina_Bartell@hotmail.com
24541,Zella Bins,Colleen_Leffler@hotmail.com
58471,Caleb Macejkovic,Keyshawn_Bailey@gmail.com
58525,Dianna Reilly,Christop_Beer93@yahoo.com
78981,Merle Adams,Allie.Schaefer@yahoo.com
94025,Yessenia Jenkins,Lia_Windler54@gmail.com
16486,Ila Padberg,Pamela24@gmail.com
93539,Mrs. Victor Kreiger,Maximilian.Kutch@yahoo.com
92038,Dakota Leuschke,Treva_Kirlin48@hotmail.com
64887,Hyman Goodwin,Ashly.Raynor1@hotmail.com
52624,Shirley Barrows,Melody_Kub@gmail.com
17601,Berta Crona,Sierra_Bashirian41@yahoo.com
32303,Albert Heaney,Ray_Hoeger9@gmail.com
66361,Samara Bahringer,Linda25@hotmail.com
59352,Rosalia O'Keefe,Danyka_Purdy@yahoo.com
4483,Ms. Triston Koepp,Karen.Nikolaus@hotmail.com
91251,Ernie Tremblay,Keeley_Glover11@gmail.com
50368,Joy Huels,Brianne.Crooks@hotmail.com
19542,Jennyfer Quigley,Lindsey70@yahoo.com
39204,Bernadette Donnelly,Thalia_Stanton33@yahoo.com
32902,Bill Monahan,Stewart22@gmail.com
53237,Eusebio Cartwright,Sebastian8@yahoo.com
18932,Ron D'Amore,Keven_Shields7@yahoo.com
76818,Ariel Wehner,Vito.Friesen75@hotmail.com
77188,Alexandro Hoppe,Jacinthe.Rowe96@hotmail.com
99373,Enoch Conn,Olga28@yahoo.com
27785,Russ Ledner,Rashad97@hotmail.com
60387,Brianne Hagenes I,Astrid.Grady@gmail.com
98416,Madelynn Roob,Jaden92@yahoo.com
35869,Tyrese Goyette,Beaulah.Roberts@yahoo.com
21782,Shannon Lakin,Joy.Rodriguez@gmail.com
67223,Margarita Champlin,Norval.Sipes@yahoo.com
10791,Wendy Rodriguez,Chasity75@yahoo.com
91261,Miss Ellsworth Wolff,Miller_Schaefer60@hotmail.com
22776,Lee Mante,Liliana_Pfannerstill85@yahoo.com
23845,Tessie Baumbach,Abigail.Lubowitz48@yahoo.com
85184,Stefan Lehner,Melany_Ondricka7@hotmail.com
40429,Dr. Justen Denesik,Alfonzo_MacGyver18@hotmail.com
24428,Bobbie Kuphal,Willard.Macejkovic@yahoo.com
63216,Karson Kerluke,Alanna25@yahoo.com
79568,Rigoberto Swift,Theo.Bartell50@yahoo.com
5241,Rhea Gutkowski,Johan_Kunde48@yahoo.com
1397,Clifford Schimmel DDS,Keith_Sporer36@hotmail.com
69078,Joy Carroll,Wyatt_Brakus@hotmail.com
9675,Elyse Kuhlman,Rosa9@gmail.com
18851,Karli Wisozk,Andy_Kuhlman@yahoo.com
72339,Ardella Corwin,Alta14@yahoo.com
65387,Mrs. Trace Lehner,Hollis.Abbott4@yahoo.com
50623,Tyrese Rice,Zola8@yahoo.com
21818,Ms. Kyle Hand,Jamison97@yahoo.com
29228,Kennedy Kuphal,Kristopher24@gmail.com
41438,Mrs. Ferne Kunze,Earnestine.Emmerich@gmail.com
71464,Ora Rosenbaum,Isabel.Hamill@hotmail.com
97284,Dr. Rafael Turner,Adah63@gmail.com
208,Augustus Luettgen V,Cory_Krajcik47@hotmail.com
52919,Hildegard Kerluke,Foster_Fisher@yahoo.com
89601,Monserrat Dare,Fidel.Mertz63@yahoo.com
50608,Ignacio Funk,Frank.Wuckert@hotmail.com
74046,Francisca Schmitt,Ardella99@hotmail.com
81827,Emmanuelle Murphy,Tania_Roob72@gmail.com
7976,Arnoldo Ratke DVM,Ashly6@hotmail.com
63004,Trenton Cassin,Kelley_Stehr@gmail.com
86761,Leonel Sauer,Nasir1@yahoo.com
25382,Doyle Howell,Kasandra_Gulgowski20@gmail.com
26635,Robert Maggio,Willy.Little67@gmail.com
82224,Weldon Willms,Shaylee_Kohler31@yahoo.com
5975,Cloyd Schinner,Cleveland.Franecki55@hotmail.com
33377,Mrs. Ashton Huel,Millie.Bahringer@gmail.com
21154,Micaela Tromp,Aliya37@yahoo.com
66620,Emery Cronin,Justina_Orn54@yahoo.com
33389,Mrs. Viva Green,Anthony_Effertz70@gmail.com
91944,Sid Windler,Lowell31@hotmail.com
33522,Alysha Torp,Candelario12@gmail.com
41690,Mr. Brown Bahringer,Joan.Grimes53@yahoo.com
13367,Nella Turcotte,Christine35@gmail.com
35360,Eriberto Skiles IV,Bernita35@gmail.com
94250,Monica Harber,Jarred.Blanda33@hotmail.com
33127,Clotilde Hoppe,Kenny_McDermott@hotmail.com
89680,Dasia Runolfsson,Marcellus_Reilly@gmail.com
92400,Lelia Cole,Ole.Zieme@hotmail.com
65793,Payton Gaylord,Cornell4@hotmail.com
91573,Jordane Crona,Bella_Veum35@yahoo.com
86065,Yoshiko Donnelly,Jairo.Hudson27@hotmail.com
27854,Dayne Morar,Edmund65@yahoo.com
2645,Myah Brakus,Erling_Trantow@gmail.com
17574,Richie Crist,Zachariah_Greenfelder55@gmail.com
22906,Genoveva Weimann,Kian_Harvey@hotmail.com
4858,Amani Kessler,Cristina.Wyman47@gmail.com
70581,Samir Bartell,Brain.Crist@gmail.com
36250,Shaylee Rempel,Florida.Hermann4@yahoo.com
73737,Quinn Batz,Grover_Witting42@hotmail.com
63945,Coy Jacobson,Gage.Lubowitz54@hotmail.com
85877,Dr. Matilde Lesch,Samson_McGlynn59@hotmail.com
51555,Rebekah Pollich,Orland_Jaskolski45@hotmail.com
59113,Lorenzo Champlin,Dennis48@hotmail.com
37711,Zander McGlynn,Laverne_Dibbert10@gmail.com
62308,Clark Emmerich,Gardner_Hegmann@gmail.com
98391,Deborah Jaskolski,Anna59@hotmail.com
93243,Ofelia Bednar V,Xavier32@yahoo.com
44198,Mrs. Lexi Kuhic,Orland.Morar75@yahoo.com
52014,Sydney Predovic,Justyn_Towne29@yahoo.com
3490,Elwyn Doyle,Emmet_Goodwin10@hotmail.com
41822,Brad Langworth MD,Heath.McClure57@gmail.com
73893,Andre Crona,Columbus.Toy@hotmail.com
46595,Dr. Ivy Harvey,Eleonore48@gmail.com
66077,Kaya Mueller,Uriel.Langworth@hotmail.com
38122,Cyrus Senger,Jess70@gmail.com
287,Antonia Smitham,Joy_Kihn@yahoo.com
38213,Dillan Abernathy,Jamel.Schroeder@gmail.com
88307,Albert Prosacco,Ford24@yahoo.com
7432,Dayna Herzog,Anahi.Koch43@yahoo.com
31749,Myra Douglas,Kaya.Hoeger34@gmail.com
8297,Fabiola Murazik,Davon_Gerhold@hotmail.com
35698,Reese Crona,Alize.Kohler0@hotmail.com
91588,Sallie Kihn,Grayce.Torphy0@hotmail.com
88198,Pink Runolfsson,Novella33@yahoo.com
78935,Brannon Morar,Adrain1@hotmail.com
98422,Kenny Becker,Jensen_Johnson@hotmail.com
81042,Brycen Dare,Orlo42@gmail.com
60305,Margarete Borer,Buddy_Stehr16@hotmail.com
93020,Connor Huels,Enoch67@gmail.com
42876,Lilian Gibson DVM,Garrett22@hotmail.com
98377,Rashad Daugherty,Francis.Hahn77@yahoo.com
9466,Kevin Rosenbaum,Coralie79@hotmail.com
40491,Henry Hagenes,Kenneth.Johnston@gmail.com
76218,Sabrina Schowalter,Sonia_Barrows28@yahoo.com
93922,Johnson Wisoky,Price.Lind@hotmail.com
17842,Johnnie Effertz,Jailyn17@hotmail.com
99844,Dallin Jenkins,Josefina85@yahoo.com
52440,Zula Deckow,Kraig_Howell95@yahoo.com
61890,Mrs. Emelie Herzog,Kaelyn.Von@gmail.com
23670,Lisette Stracke,Demarcus_Kovacek@gmail.com
11762,Brooks Shields,Edna64@yahoo.com
57677,Mrs. Dario Bednar,Rosemarie22@yahoo.com
16027,Kyra Barton,Lurline_Windler82@hotmail.com
97880,Torrance Heathcote,Jazlyn_Schuster50@gmail.com
45014,Jermey Schneider,Blaise82@gmail.com
2411,Shakira Gutkowski,Cortez34@gmail.com
85594,Jasper Considine,Eda38@yahoo.com
85131,Keara Powlowski,Damien_Fadel78@yahoo.com
60408,Reginald Feil,Judy.Cronin@gmail.com
67210,Garry Heller,Lorenza14@gmail.com
63908,Nella Jast,Heidi.Kiehn60@yahoo.com
6387,Gabriella Bayer,Susie.Aufderhar@yahoo.com
5665,Miss Jacky Stiedemann,Meda.Reilly@yahoo.com
1185,Geoffrey Bergnaum,Lavinia_Botsford@hotmail.com
64960,Annabell Green,Keaton.Schultz7@gmail.com
44280,Dr. Cornell Armstrong,Garnet.Towne@yahoo.com
15218,Cristian McCullough,Victor_Rogahn58@yahoo.com
16284,Breanna Williamson,Stephanie48@hotmail.com
15659,Cade Ratke,Dane.Zulauf5@yahoo.com
65584,Jerry McKenzie,Gregorio.Gulgowski@hotmail.com
92316,Mrs. Isidro Eichmann,Marcelle_Reichert@yahoo.com
73297,Philip Runte,Nakia.Larson23@yahoo.com
60063,Kyler Lueilwitz,Jamir.Moen@gmail.com
2087,Norwood Okuneva,Lisa_Sawayn@hotmail.com
81550,Haylie Greenholt,Zora.Hayes4@yahoo.com
92516,Emory Brakus PhD,Georgette_Christiansen@gmail.com
14016,Emiliano D'Amore,Edd.Deckow@gmail.com
84153,Mekhi Mraz,Zion.Huel26@yahoo.com
18942,Erna Cartwright,Abdiel_Harris58@hotmail.com
42110,Jessica Lakin,Damian.Johnson78@yahoo.com
69557,Chyna Gleichner Sr.,Lyric89@hotmail.com
14050,Marcel Jacobs,Mason_Glover13@gmail.com
37505,Gerry Pfeffer DVM,Verlie_Bins35@hotmail.com
8178,Marjorie Dicki,Adriel.MacGyver8@gmail.com
73892,Carroll Stoltenberg,Sydni.Tillman21@hotmail.com
42581,Sibyl Quigley,Polly_Fahey2@hotmail.com
84408,Rocky Harvey,Cesar_Murphy@hotmail.com
50451,Mr. Marcelle Kuhn,Ansel.Denesik82@hotmail.com
32691,Eileen O'Kon,Philip79@gmail.com
41080,Dr. Julien McKenzie,Anabel.Mertz47@yahoo.com
70746,Elmer Nikolaus,Roel.Runolfsson@yahoo.com
68362,Aida Monahan,Trinity_Gottlieb@hotmail.com
14770,Elisha Christiansen,Laverna_Lubowitz75@yahoo.com
3718,Aisha Johnston,Cassidy11@gmail.com
79095,Malinda Towne,Barney_Nader11@gmail.com
90484,Josue O'Connell,Geraldine9@gmail.com
15764,Ethel Terry,Leone_Quigley@yahoo.com
94204,Belle Doyle,Eulalia.Douglas@yahoo.com
34035,Courtney Hand,Noemi72@yahoo.com
26846,Claudie Larkin,Alexander73@gmail.com
3227,Tiara Farrell,Elaina.Mueller@yahoo.com
84181,Vince Bergstrom,Alyce.Schinner1@gmail.com
90030,Mrs. Davon Mraz,Bertha88@gmail.com
41878,Dena Jacobs,Bridgette68@yahoo.com
16333,Nelda Windler,Mustafa_Marquardt@yahoo.com
7454,Carolanne Feeney,Iliana.Robel@yahoo.com
94416,Alyson Reynolds,Morris26@hotmail.com
94850,Garry Tremblay,Ian_Fay5@hotmail.com
18777,Jasen Moen,Sibyl.Lindgren@hotmail.com
3953,Nichole Rosenbaum,Cassie.Muller@gmail.com
65892,Lily Simonis,Pearlie61@yahoo.com
47674,Scarlett Kunze IV,Marquise85@hotmail.com
55473,Lowell Vandervort,Sheila.Rolfson@yahoo.com
34509,Ken Sporer,Elouise.Pfeffer@gmail.com
10211,Jalyn Dach,Bryce_Schulist46@yahoo.com
43952,Ms. Carolina Barrows,Gabriel31@hotmail.com
44769,Paula Runolfsdottir,Gretchen4@hotmail.com
98151,Leann Nicolas,Dawson41@yahoo.com
7410,Jerrod Ritchie,Genoveva29@hotmail.com
64712,Chauncey Okuneva,Victor11@gmail.com
33169,Ms. Alejandrin Carter,Adalberto88@hotmail.com
68807,Anne Turner III,Hermann.Hackett64@yahoo.com
63651,Hannah Brakus,Geraldine_Jacobs31@yahoo.com
66395,Jane Kub,Rebeca_Maggio7@hotmail.com
68,Raina Predovic,Chesley40@gmail.com
85069,Felix Jacobson DVM,Miracle_Harris@yahoo.com
49626,Cecilia Johnston,Marie45@yahoo.com
63492,Lillian Franecki,Vella.Quitzon86@gmail.com
35429,Dorian Lynch,Golda35@yahoo.com
12515,Mia Schamberger I,Joy_Weimann60@gmail.com
99622,Dr. Terrell Huels,Edison_Dicki42@hotmail.com
2655,Demond Bergnaum,Bessie69@hotmail.com
54361,Tiana Dicki II,Alysha_Mann91@gmail.com
74358,Dr. Jarrod Leffler,Henry_Lemke@hotmail.com
13148,Virginie Green,Taylor.Rippin@gmail.com
72961,Jonathon Daugherty,Ansel.Schiller@gmail.com
64973,Shyann Cronin V,Naomi_Muller@yahoo.com
25502,Marilyne Nolan,Reanna_Kunze69@yahoo.com
52062,Celestino Romaguera,Beau45@yahoo.com
77396,Gianni Jaskolski DVM,Augusta.Sauer@yahoo.com
34410,Jenifer Toy,Mathew.Gutmann37@gmail.com
55794,Annalise Nicolas,Lester_Balistreri47@hotmail.com
43186,Kurtis Kertzmann,Susanna_Heidenreich44@hotmail.com
47419,Ian Johnson,Marietta48@yahoo.com
85323,Bianka Prohaska Sr.,Rita57@hotmail.com
83009,Turner Hilll,Bernard32@yahoo.com
59162,Bianka Predovic,Dalton25@hotmail.com
31565,Nickolas Leuschke,Arch_Beier49@hotmail.com
9898,Delphine Metz,Bud.Effertz@hotmail.com
11208,Mrs. Maxime Doyle,Trey39@hotmail.com
51817,Brycen Jacobi,Daryl79@hotmail.com
98667,Dovie Schoen DDS,Jordon_Tromp@yahoo.com
15297,Manley Roob,Nathanael_Will63@hotmail.com
47403,Celine Wintheiser,Clementina29@gmail.com
18883,Elva Carter,Wilford_Streich68@hotmail.com
72329,Shania Fisher,Helga.McCullough70@yahoo.com
54638,Antoinette Hane,Ilene13@hotmail.com
90025,Everardo Ernser,Virginie.Vandervort@hotmail.com
78039,Tavares O'Reilly DDS,Trystan_Brakus53@gmail.com
56234,Santina Mills,Tatum_Brekke@hotmail.com
42065,Tyrell Gaylord,Felipe.Walter2@gmail.com
33172,Clay Cartwright,Beverly81@hotmail.com
70392,Abelardo Hintz DVM,Tiara.Lind@hotmail.com
417,Shayne Johnston,Lucius_Wiegand@gmail.com
79019,Tillman Mraz,Carlee.Schuppe37@gmail.com
21204,Edythe Casper I,Zora_Volkman28@yahoo.com
74189,Eve Luettgen,Eleanore_Lowe@hotmail.com
32597,Isidro Satterfield,Pearline_Johns@yahoo.com
60031,Kellie Howell,Laurence.Reilly5@yahoo.com
70220,Dena Hessel,Caesar25@yahoo.com
8475,Dr. Michale Franecki,Fern17@yahoo.com
99614,Jonatan Kirlin,Margaretta_Gleason@gmail.com
32695,Jett Block,Sage_Gottlieb33@gmail.com
72480,Mateo Sauer,Waylon.Hartmann@hotmail.com
15263,Magdalena Luettgen III,Kaya10@gmail.com
14805,Saul Ankunding,Karen26@yahoo.com
24211,Isabell Kris,Giles69@yahoo.com
17831,Dandre Dietrich,Danielle7@gmail.com
8999,Darrel Harber,Imelda_OConnell75@yahoo.com
56639,Malachi Osinski,Kris_Price@hotmail.com
13519,Sylvester Kovacek,Rigoberto.Dicki@gmail.com
88770,Haven Kuhn,Robert_Corwin@gmail.com
6733,Christa Buckridge,Elinor.Cole@hotmail.com
21652,Greg Koch,Celia.Champlin92@yahoo.com
90743,Adele Hickle,Emile72@gmail.com
99037,Alba Sanford DVM,Dannie55@yahoo.com
99852,Vilma Kuhlman,Jade37@hotmail.com
18841,Keaton Cassin DVM,Chadrick6@hotmail.com
34370,Milford Lynch,Destin95@gmail.com
45557,Wayne Kozey,Rocio.Anderson@hotmail.com
6969,Twila Wyman,Anabel.Zemlak53@hotmail.com
53380,Ellen Prohaska,Zackery.Lubowitz@gmail.com
5906,Jules Donnelly,Darrin_Maggio@hotmail.com
83664,Gregoria Hilll PhD,Daphnee.Gleason74@yahoo.com
97105,Sylvester Wolf,Jeanette_Jacobs@hotmail.com
52916,Easton Carroll,Ricky37@gmail.com
78332,Monserrate Pacocha,Marjorie_Rice@gmail.com
44673,Jonathon Reichert,Everardo.Ernser@hotmail.com
12841,Domenica Bergnaum,Van_Mertz96@yahoo.com
2458,Asha Oberbrunner,Christine37@gmail.com
69183,Jaida Hoeger,Willie_Nader76@yahoo.com
51370,Hershel Torphy,Juanita25@gmail.com
30145,Franco Gottlieb,Eleonore_Hane77@yahoo.com
49990,Ardella Volkman,Ali87@hotmail.com
64936,Alena Larson,Juanita.Frami90@yahoo.com
12038,Roselyn Kassulke Sr.,Molly_Ondricka@hotmail.com
62122,Edwardo Dickinson,Darren_Lueilwitz@gmail.com
87490,Santina Kautzer,Jeanne_Adams@hotmail.com
98179,Kiel Zemlak,Miller.Price61@gmail.com
62415,Wellington Bauch,Janet4@hotmail.com
85818,Wanda Jast,Clarabelle.Hilll@gmail.com
46930,Adaline Mohr III,Wilford.Watsica@gmail.com
99022,Oceane King,Nakia25@hotmail.com
8948,Mrs. Emilio Walker,Lon_Thiel58@gmail.com
38303,Ms. Bonita Abshire,Chloe.Kihn14@gmail.com
83341,Santina Emard,Reggie89@gmail.com
95466,Hermina Gutkowski,Jaquelin.Parker91@hotmail.com
42896,Fatima Pfeffer,Tito.Kshlerin@hotmail.com
73435,Ole Reilly,Parker38@hotmail.com
2997,Sadye Price,Chasity90@gmail.com
42652,Clotilde Dickinson III,Harold87@yahoo.com
73445,Jewell Witting,Matt.Turner31@yahoo.com
43800,Dr. Morris Schuppe,Santa.Collier@hotmail.com
19029,Hilma O'Reilly,Ulices69@hotmail.com
82508,Carlo Schroeder,Noel.Ryan@hotmail.com
63559,Myrtie Ernser,Tatyana.Kassulke@hotmail.com
63205,Jillian Smitham MD,Teagan46@hotmail.com
75889,Maryam Kutch II,Jeremie.Romaguera@hotmail.com
63973,Shanna Stiedemann,Dejuan55@hotmail.com
45502,Mr. Randal Legros,Waldo77@gmail.com
55116,Kaelyn Terry I,Lura80@yahoo.com
43846,Triston Considine,Araceli53@gmail.com
14070,Gregorio Johnston,Houston.Terry@hotmail.com
39472,Desmond Waters,Torrance79@yahoo.com
86170,Caleb Breitenberg,Vincenza.Wisozk@gmail.com
64397,Dallas Howell,Amya33@hotmail.com
24665,Christy Ondricka,Keanu43@gmail.com
80673,Rowan Franecki,Newton68@gmail.com
52343,Ebony Rempel,Esta.Pacocha@gmail.com
66541,Sydnie Lindgren,Rosie.Kertzmann76@hotmail.com
53517,Cheyenne Jerde,Pearl_Moore75@yahoo.com
80291,Tristian Braun,Dante_Renner@yahoo.com
22488,Vanessa Watsica,Malvina.Wilkinson@gmail.com
58025,Karine Hayes,Torrance_Braun@yahoo.com
14769,Reuben Zemlak,Anabel.Jerde@hotmail.com
34947,Prince Johnston,Urban.Schinner@hotmail.com
29871,Carlee Kutch,Sydnee_Kilback16@yahoo.com
26921,Tianna Ortiz,Lelia89@hotmail.com
83293,Fernando Monahan V,Audie26@yahoo.com
87274,Lia Kub,Janis.Schroeder@gmail.com
59069,Charles Hane,Mercedes.Green@gmail.com
91617,Chester Shanahan,Madonna.McKenzie@gmail.com
38055,Graham Powlowski,Roel_Barton15@gmail.com
92611,George Runolfsdottir DDS,Myrtle_Hyatt@yahoo.com
54707,Lorenz Harvey,Micheal.Schmeler@yahoo.com
84829,Ashtyn Lebsack,Isabell_Waelchi70@gmail.com
24156,Ethel Feeney,Emma.Kutch@hotmail.com
92567,Miss Chelsey Homenick,Dejuan.Zemlak@gmail.com
19150,Angelica Hauck,Tia_Franecki55@yahoo.com
56921,Audrey Heller,Brent20@hotmail.com
29191,Eunice Watsica Sr.,Dolly.McDermott@hotmail.com
87335,Kaya Pouros,Donna64@gmail.com
83436,Minerva Kessler,Joesph.Stoltenberg@yahoo.com
47175,Brice Doyle,Millie.Dooley@hotmail.com
68550,Annabel Koch,Janie_Jakubowski@yahoo.com
97569,Jazlyn Rempel,Emie_Lindgren30@hotmail.com
48342,Preston Borer,Jess.Feil@yahoo.com
85443,Emelie McCullough,Alford.Sipes30@hotmail.com
40992,Curt Emmerich,Jeff88@gmail.com
1372,Brooks Mayer,Cora66@gmail.com
66951,Dr. Jeremie Howe,Clarabelle.Bartell@gmail.com
68195,Xavier Will,Esta.Denesik@yahoo.com
7635,Jacky Yost,Alicia.Friesen79@hotmail.com
89201,Marian Rutherford,Arjun.Klocko@hotmail.com
74754,Delphia Reichert,Miguel_Jacobi@gmail.com
90904,Esteban Yundt,Lavada68@gmail.com
11444,Janis Schuster,Lina92@hotmail.com
587,Lucile Lueilwitz,Vivianne_Mills@hotmail.com
41506,Edison Satterfield,Una.Rice@gmail.com
35746,Jaleel Farrell,Kieran_Hirthe85@gmail.com
58191,Isaiah Wolff,Isidro_Gibson@hotmail.com
54493,Christopher Sawayn,Erika16@hotmail.com
8314,Joan Wyman,Marcos.Moen@hotmail.com
65590,Giovani Raynor,Karson75@yahoo.com
11607,Coy Kuphal DDS,Frankie.Schroeder62@hotmail.com
8445,Mrs. Don Rutherford,Taryn.Rath21@gmail.com
96404,Sydney Bartoletti,Shirley.Pouros48@yahoo.com
10796,Halle Gaylord Jr.,Melany.Schinner1@hotmail.com
10120,Helga Corwin,Sadie58@hotmail.com
32409,Dave Mills,Jacklyn48@gmail.com
58672,Maureen Dickinson,Jarret36@yahoo.com
24289,Saige Torphy Sr.,Ryann_Fay@gmail.com
62709,Ashlee Marks,Rebeka69@gmail.com
10284,Mr. Roy Bechtelar,Domenica_Gorczany@hotmail.com
8256,Katelin Rogahn PhD,Joanny97@hotmail.com
98985,Ezra Dare,Raphael44@gmail.com
63117,Flo Sporer,Abigayle_Heller23@gmail.com
99193,Kamren Schimmel,Abigale87@hotmail.com
84334,Haleigh Swaniawski V,Kristin.Jacobs56@hotmail.com
83763,Chelsea McCullough,Melvina_Grant@yahoo.com
80522,Miss Kaylee Balistreri,Onie.Hamill6@hotmail.com
3614,Jose Dooley,Izaiah_Reichel79@gmail.com
10337,Johann Prohaska,Nicholaus75@hotmail.com
2332,Shanelle Dickens MD,Kasandra_Fahey@gmail.com
98486,Karlie Pacocha,Fernando6@gmail.com
41760,Mrs. Morris Boehm,Kailee91@yahoo.com
54132,Jammie Lebsack,Lavina_Predovic20@hotmail.com
83076,Cecile Fay,Ruben_Collins85@yahoo.com
61570,Dimitri Douglas,Scarlett_Beahan31@yahoo.com
34138,Jalen Brakus,Davonte98@gmail.com
40350,Mrs. Anabelle Kulas,Trey57@yahoo.com
61105,Agustina Franecki,Llewellyn_Daniel@gmail.com
34231,Will Champlin,Remington_Zboncak35@yahoo.com
92149,Miss Howell Greenholt,Vladimir_Kessler@gmail.com
40090,Marilou Becker,Fredy.Bartoletti@hotmail.com
58389,Harvey O'Hara,Aglae_Monahan@hotmail.com
30108,Dr. Rafael Hackett,Gwen19@yahoo.com
33334,Myrl Carter,Alicia_Bayer@hotmail.com
82662,Nathanial Haley,Dorcas.Gorczany69@yahoo.com
23683,Ashlee Hickle,Alena13@yahoo.com
31571,Abdiel Hettinger DDS,Flossie.Koss@gmail.com
11265,Torrance Thiel,Abagail4@yahoo.com
78404,Ida Stracke,Ronaldo.Leannon@hotmail.com
84497,Dane Dibbert,Dylan91@yahoo.com
68525,Ms. Golden Murphy,Mac_Bosco38@gmail.com
52444,Ms. Elvie Jacobs,Tomas_Morissette@gmail.com
22813,Jared Hodkiewicz,Alicia25@hotmail.com
74566,Zena Parisian,Price71@yahoo.com
84639,Darryl Kertzmann,Mercedes_Bergstrom59@hotmail.com
47337,Roy Mitchell,Ryleigh_Wiza78@hotmail.com
18623,Felipa Reichert,Delmer.Turcotte@yahoo.com
47287,Queenie Littel,Cameron42@gmail.com
430,Malachi Schuppe Jr.,Barbara.Kulas84@hotmail.com
27247,Lelah Carter IV,Evert.Gaylord@gmail.com
36051,Ms. Korey Moore,Fay_Kshlerin@yahoo.com
10757,Johnathon Simonis,Jeremie_Williamson@gmail.com
81639,Trace Gislason,Catalina_Leffler78@hotmail.com
32330,Hilton Frami V,Ben11@gmail.com
97006,Sabrina Rosenbaum,Clara49@yahoo.com
86415,Helena Bailey,Cale.Glover99@gmail.com
89562,Geo Walsh,Columbus15@hotmail.com
27205,Jarred Ortiz,Spencer78@hotmail.com
87608,Fannie Flatley Sr.,Raquel.Conroy@yahoo.com
38752,Dannie Frami,Madilyn33@hotmail.com
27457,Misty Davis,Lorna99@hotmail.com
49125,Dortha Hodkiewicz,Lina.Satterfield27@gmail.com
95468,Maybelle Lowe,Annamae.Purdy@yahoo.com
93399,Lilian Yost,Verner.Hayes@yahoo.com
64160,Ismael Kutch,Israel19@yahoo.com
55891,Daphnee Kling,Destany.Pouros23@gmail.com
47354,Esmeralda Kris MD,Malvina7@gmail.com
58528,Madie Adams,Keanu_Crooks@gmail.com
29834,Beau Keebler,Delphia.Kulas@yahoo.com
42375,Guido Adams,Marvin13@yahoo.com
66296,Roberta Fadel,Mary97@gmail.com
21357,Shyann Batz,Ariel_Dach11@yahoo.com
48066,Madelyn Kautzer,Jazlyn53@gmail.com
74250,Angelica Grady MD,Fermin24@hotmail.com
87500,Nyasia Ortiz,Mekhi.MacGyver57@hotmail.com
66850,Brianne Murphy,Flo90@yahoo.com
35716,Mrs. Evans Bosco,Hermina52@gmail.com
23901,Cortez Glover,Jalen.Pollich65@gmail.com
36655,Fredy Dare,Rose.Wisoky79@hotmail.com
32800,Laura Schneider Sr.,Dawn19@yahoo.com
30963,Elinor Jacobs II,Dario_Boyle@hotmail.com
18030,Kyla Treutel,Lucas_OKon40@hotmail.com
84352,Scottie Lynch,Marielle.Reichel4@yahoo.com
86968,Dedrick Kulas DDS,Declan14@gmail.com
4223,Joany Hahn,Stacy.Daniel39@hotmail.com
92543,Bridgette Jakubowski,Chase_Gusikowski4@gmail.com
76442,Desmond Greenholt II,Hobart_Heathcote@hotmail.com
58441,Lela Schumm,Roderick.Doyle57@hotmail.com
96351,Mr. Irving O'Hara,Mathew16@yahoo.com
90409,Salma Stroman,Wilber.McLaughlin52@gmail.com
41529,Forrest Schuppe,Eliza42@yahoo.com
28639,Marques Romaguera,Laurence36@gmail.com
94188,Brant Bradtke,Jerrell.Franecki@hotmail.com
69082,Luciano Lebsack,Hadley79@yahoo.com
80006,Dahlia Pollich II,Willow.Nitzsche@yahoo.com
5500,Benton Beer,Ebony77@hotmail.com
73974,Ivory Lubowitz,Patrick.Mraz61@yahoo.com
76043,Alvina Rutherford,Sally_Pacocha26@hotmail.com
18522,Ms. Jettie O'Conner,Waylon8@yahoo.com
42565,Bridie Ratke DVM,Amya_Considine@yahoo.com
8571,Felicia Borer,Sabrina83@yahoo.com
40368,Karley Lind,Zane_Langworth@gmail.com
97231,Zackery Wisozk MD,Jazlyn53@gmail.com
24235,Mrs. Jerry Robel,Nick_Dare@gmail.com
42814,Geovany King,Jerad36@gmail.com
94455,Desiree Grant,Jayce92@gmail.com
74510,Kody Dietrich,Nick47@gmail.com
85896,Alison Von III,Cristina57@yahoo.com
58509,Adelbert Oberbrunner,Sierra37@hotmail.com
44182,Bennie Schumm,Nils_Yost@yahoo.com
20412,Kaitlin Batz IV,Elody_MacGyver@yahoo.com
21483,Hilario Harber,George_Hessel38@yahoo.com
74785,Dr. Joel Dicki,Romaine.McLaughlin@yahoo.com
32740,Annabell Gorczany,Onie79@yahoo.com
13762,Marian Smith,Berneice.Jakubowski65@gmail.com
33477,Ava Paucek V,Torrey_Kuhn81@gmail.com
310,Sandy Stamm,Theodora.Lebsack@hotmail.com
48196,Nia Casper,Neva.Price87@yahoo.com
46054,Murl Kulas,Karianne13@gmail.com
75971,Raheem Metz,Rossie.Hauck11@yahoo.com
70487,May Carroll,Cristopher.Gulgowski37@gmail.com
37652,Destany Daugherty V,Madelyn96@yahoo.com
42779,Maggie Barton,Miller_Kling@yahoo.com
25040,Burley Tromp,Dario81@yahoo.com
19178,Cordia Wiegand,Leonora.Trantow@yahoo.com
90776,Michale Boehm,Jamison_Ondricka@gmail.com
24817,Kyleigh Kling Sr.,Kelli_Lynch@hotmail.com
77489,Chelsie Schmitt,Heaven_Johnston20@hotmail.com
57743,Cathrine Windler,Terrill.Grimes24@gmail.com
92916,Lennie Wilderman,Destany_Funk54@hotmail.com
9159,Miss Kacey DuBuque,Ellsworth0@yahoo.com
98056,Rhianna Lockman,Graciela_Herman14@gmail.com
54992,Christian Hayes,Haylee_Shanahan36@yahoo.com
98662,Mr. Kade Rowe,Charity.Rowe55@yahoo.com
83300,Meda Jenkins,Colton_Simonis16@gmail.com
47982,Nathan Harvey,Sigrid_Kirlin15@yahoo.com
79647,Isidro Mraz,Brady92@hotmail.com
80600,Timmy Goyette,Devan.Ryan@hotmail.com
1369,Daniella O'Hara,Anthony.Braun@gmail.com
15801,Mr. Gene Schultz,Jonathan.Bartoletti49@hotmail.com
87536,Lenna Fay,Keagan93@gmail.com
12618,Gisselle Beier,Trycia14@hotmail.com
74535,Dameon Barton Sr.,Amber.Wisoky17@yahoo.com
2029,Glen Kozey,Vivianne_Oberbrunner1@hotmail.com
10591,Miss Elvis Muller,Brennan_Hills@yahoo.com
58502,Herbert Marks,Malvina43@hotmail.com
92999,Jakayla Labadie,Jamison_Altenwerth66@gmail.com
95474,Mrs. Angela Hartmann,Jarrell.Macejkovic@yahoo.com
74894,Elmira Runte,Alfred76@gmail.com
36436,Giovanni Koss,Foster_Pollich61@yahoo.com
35572,Elna Witting,Shany94@yahoo.com
47680,Kiera Kreiger,Milan.King@gmail.com
83579,Briana Murray,Marjolaine71@yahoo.com
18108,Danika Batz,Donny_Padberg41@gmail.com
96282,Peter Wintheiser,Nathanael41@yahoo.com
67665,Denis Gibson,Caleb_Raynor@hotmail.com
20316,Gardner Mitchell,Makenzie17@gmail.com
55605,Janice Feest,Jaden_Schoen25@gmail.com
29767,Afton Dooley,Oma_Heidenreich47@gmail.com
59685,Braden Marquardt,Everardo.Raynor73@gmail.com
52982,Dayna Cremin,Magali_Walter@yahoo.com
2020,Nyah D'Amore,Jessyca63@gmail.com
1250,Antonio Wintheiser,Anais.Gaylord96@hotmail.com
36874,Roselyn Rutherford,Toby83@gmail.com
9355,Elta Gorczany,Alexzander62@yahoo.com
32973,Emie Yundt,Liana97@yahoo.com
45210,Ernestine Satterfield V,Florencio_Kohler69@gmail.com
46451,David Huel IV,Adelle.Hyatt13@yahoo.com
90307,Ruben Considine,Kenny.Bogan@yahoo.com
67275,Aaron Ruecker,Rosetta28@gmail.com
74894,Beau Breitenberg,Katharina_Osinski72@yahoo.com
56871,Miss Anabelle Adams,Augustus.Green@hotmail.com
61689,Candida Wiza,Jerod60@gmail.com
17616,Delilah Emard,Rosina14@hotmail.com
89194,Jakob Sipes,Eli.Bahringer99@yahoo.com
28337,Wilma Feeney,Haven_Jenkins56@yahoo.com
90038,Derick Kilback,Santa52@gmail.com
81448,Cleta Ledner,Paolo.Wiegand@gmail.com
44892,Morgan Kuphal,Jackie_VonRueden@yahoo.com
87959,Casper Orn III,Benedict14@yahoo.com
19003,Chadrick Sawayn,Yadira_Rippin@hotmail.com
74549,Magdalena Kiehn,Reuben.Botsford@yahoo.com
84152,Spencer Huel,Jensen_Reinger12@gmail.com
70637,Brent Koelpin,Alverta_Hane@yahoo.com
57167,Demarco Farrell,Lia37@yahoo.com
10251,Monserrate McCullough,Kyle93@gmail.com
81953,Jess Reichert,Lura29@gmail.com
9017,Libbie Jacobson,Autumn81@yahoo.com
42790,Miss Aliza Hirthe,Nicolas.Lynch@hotmail.com
91708,Jessy Block,Lempi.Deckow51@yahoo.com
29621,Rebekah Kutch,Brayan_Donnelly@hotmail.com
80668,Axel Crist,Beulah.Bergstrom@hotmail.com
42195,Berenice Ledner,Kristofer0@gmail.com
79613,Frederique Wiegand,Cicero.Luettgen32@hotmail.com
69718,Trycia Runolfsson,Elmo_Hammes@gmail.com
29144,Brice Johnston,Kadin_Kerluke@yahoo.com
8886,Mohammad Balistreri,Marlee50@gmail.com
19975,Mrs. Queenie Sanford,Keyshawn14@yahoo.com
58964,Dasia Haag,Octavia_Considine56@yahoo.com
74462,Damion Nienow,Pinkie_Corkery69@hotmail.com
56628,Buck Breitenberg,Elyssa.Klocko2@gmail.com
86915,Claudine Olson MD,Tyrel_Murray82@yahoo.com
28159,Rollin Balistreri,Rogelio_Weissnat@hotmail.com
52589,Jerrod Prosacco,Dejon60@hotmail.com
9726,Denis Dickinson,Adolph93@gmail.com
66169,Amari Hilpert I,Amina.Hickle28@yahoo.com
91835,Ms. Isadore Howell,Kathryne.Thompson@hotmail.com
78536,Ms. Malvina Rodriguez,Eudora.Rice5@gmail.com
61128,Berneice Sauer,Scot82@hotmail.com
78354,Adriel Russel,Thalia76@gmail.com
47987,Dee Boyer,Unique_Orn54@yahoo.com
43487,Jamaal Rolfson,Jaclyn_Ortiz63@hotmail.com
88975,Mckenzie Hoeger,Russell19@yahoo.com
88457,Dan Runolfsson,Alfonzo.Abshire41@hotmail.com
26966,Andres Runolfsdottir,Madelynn.Abbott@hotmail.com
96873,Laney Crooks,Lea_Pfeffer30@hotmail.com
79357,Briana Romaguera,Albin_Witting@gmail.com
33788,Enid Medhurst,Cornelius.Wilkinson49@hotmail.com
62448,Consuelo Huel,General_Sauer@hotmail.com
71466,Harley Kihn,Fred96@yahoo.com
61477,Layne Flatley,Rocky.Bode@gmail.com
38166,Keshawn Herzog,Wilfred.Padberg@yahoo.com
67604,Dean Osinski,Charlene.Crona93@yahoo.com
69544,Waldo Okuneva III,Bennie66@hotmail.com
19317,Ernestina Mayer,Loyal_Cummings@gmail.com
55502,Alex Armstrong,Buford90@hotmail.com
52201,Maya Jenkins Jr.,Fiona4@gmail.com
17570,Violet Upton,Justina.Predovic@hotmail.com
95858,Abagail Leffler,Mohammad21@gmail.com
61235,Maximo Feeney PhD,Anjali.Jacobi@hotmail.com
75051,Katelynn Kertzmann MD,Dora25@gmail.com
95516,Kurt Kozey,General41@hotmail.com
12439,Jolie Lang DDS,Willis_Jones@gmail.com
82862,Fred Swift,Marisa.Bogisich29@hotmail.com
88801,Krystina Upton,Nick83@hotmail.com
95153,Hannah Stehr,Brielle88@gmail.com
18242,Furman Batz,Leda.Streich@yahoo.com
42697,Shyann Harber,Marcos38@hotmail.com
52622,Ms. Louie Beatty,Antonina.Lang47@gmail.com
69077,Ms. Grady Fisher,Grady_Steuber49@yahoo.com
56099,Barrett Dooley,Marlon45@yahoo.com
30156,Carleton Rohan,Harry.Gusikowski82@hotmail.com
67583,Gaylord Boehm,Jessie_Rippin@yahoo.com
25645,Cecilia Emmerich,Ryann_Roberts@hotmail.com
37486,Julien Glover,Nico_Bartell89@gmail.com
6742,Dr. Giuseppe Yost,Maiya_Botsford50@gmail.com
2900,Victoria Rolfson,Dakota_Rowe9@yahoo.com
35720,Edythe Mertz,Jammie_Hilll@gmail.com
6036,Dashawn Abbott,Florence.Carter@yahoo.com
63527,Susana Schneider,Brandy88@yahoo.com
98126,Johnson Spinka DDS,Nia.Fay29@gmail.com
62521,Luz Stehr,Wayne.Weber79@gmail.com
21577,Floyd Donnelly,Antonio_Ferry@hotmail.com
68230,Ms. Alanis Stanton,Lisette35@hotmail.com
32234,Juanita Watsica,Aiden.Carter10@hotmail.com
57307,Kylee Sporer,Armani_Schowalter83@hotmail.com
4340,Arch Dickens,Marcelina79@gmail.com
71338,Rosalia Towne,Monique51@gmail.com
21625,Caden Adams,Shanie_Kub@hotmail.com
95058,Franz Beier,Barbara77@hotmail.com
3934,Miss Mallory Roberts,Alex_Barrows@gmail.com
10587,Norene Braun,Obie_Walter@gmail.com
24970,Mittie Schulist,Irwin.Labadie48@yahoo.com
4489,Jenifer Fadel,Laila82@yahoo.com
31251,Joey Legros,Cameron.Koss35@hotmail.com
4818,Ms. Evelyn Kreiger,Odie_Powlowski31@yahoo.com
20720,Lionel Leffler,Ardella.Ullrich38@hotmail.com
33525,Turner Hansen,Tremayne16@hotmail.com
56132,Marlen Abernathy,Myrtice_Pfannerstill20@yahoo.com
66622,Anibal Dietrich,Lorna.Haag@yahoo.com
46294,Summer Eichmann,Herminio_Hoeger@gmail.com
67627,Ken Reichert Jr.,Isaias.Schinner@yahoo.com
12109,Mollie Weimann,Frank61@gmail.com
27503,Alivia Cummings,Cielo_Raynor@hotmail.com
25937,Eva Fisher,Terrance.Rowe90@yahoo.com
79743,Aurelie Bogan DVM,Cara_Gleichner29@yahoo.com
49151,Omer Keeling,Bianka.Howe@gmail.com
31159,Tara Koepp,Loma59@gmail.com
50284,Keshaun Friesen,Karolann.West@yahoo.com
15995,Mariane Hagenes,Stacey.Vandervort64@gmail.com
89600,Jose Baumbach,Flavio.Kris@yahoo.com
26169,Lucie Marvin Jr.,Mckenna_Quigley@yahoo.com
90350,Claude Murphy III,Guiseppe_King@yahoo.com
67265,Demarcus Pfeffer I,Isobel.Volkman@gmail.com
6787,Janessa Stiedemann,Kiara19@yahoo.com
89761,Lizzie Robel,Macie72@gmail.com
53398,Afton Altenwerth,Isadore.Kshlerin69@yahoo.com
26931,Kristopher Weimann,Lorna_Cummerata81@hotmail.com
85833,Marcelo Koch Sr.,Waylon_Donnelly@hotmail.com
48267,Jalon Goyette,Jacky_Blick91@gmail.com
81472,Damon Little Jr.,Felix76@yahoo.com
84077,Jocelyn Schneider,Ayden.Lesch61@yahoo.com
37429,Lambert Trantow,Hattie_Veum@yahoo.com
7977,Leonor Kemmer,Chaz65@hotmail.com
92010,Dr. Cleveland Schinner,Trudie23@gmail.com
63049,Ivory Zulauf,Daphne.Pfannerstill37@gmail.com
71115,Araceli Walter,Jadon_Feil25@gmail.com
52859,Neal Abshire,Dovie4@yahoo.com
45219,Karina Rath,Rodger_Bednar@yahoo.com
60222,Nicholas Fadel,Roman_Kassulke@yahoo.com
40655,Bryon Welch,Robb_Homenick90@yahoo.com
88041,Madeline Kling,Kade.Douglas57@yahoo.com
60653,Eudora Bergnaum,Savannah_Koepp22@hotmail.com
10013,Dante Heller,Emmanuelle_Williamson70@hotmail.com
298,Elinor Murazik,Rylee.Lindgren40@yahoo.com
70612,Gladyce Hammes,Norris91@hotmail.com
72279,Korbin Daugherty,Jorge94@hotmail.com
68198,Jalyn Goodwin,Josiah79@gmail.com
23554,Mikayla Barrows,Sean.McLaughlin32@gmail.com
45736,Daphne Lebsack,Morris.Russel41@hotmail.com
51202,Margaret Beier,Margie66@yahoo.com
39252,Margie Bechtelar Sr.,Gisselle94@yahoo.com
79698,Delia Bechtelar,Crystal.Ernser55@yahoo.com
64108,Madalyn Sanford,William_Hermiston20@yahoo.com
18302,Carlie Sanford,Vergie.Mitchell34@hotmail.com
96300,Lukas Klein V,Patrick_Waters@gmail.com
21760,Drake Schmitt,Sherman_King41@hotmail.com
96598,Johnathon Bradtke,Gideon.Corwin28@gmail.com
30041,Lina Simonis,Stephany7@gmail.com
25306,Vickie Hoppe,Melyssa76@hotmail.com
5896,Grayson Reinger,Cornell5@hotmail.com
21793,Cassandra Cremin,Davon_Hyatt27@gmail.com
3253,Allan Aufderhar,Haley58@yahoo.com
107,Diana DuBuque,Braulio25@hotmail.com
21083,Ollie Reilly,Afton_Nader15@gmail.com
53872,Lance Wilderman,Robbie13@hotmail.com
13192,Chadrick Hintz MD,Rhoda63@hotmail.com
77456,Jimmy Herzog MD,Orville12@hotmail.com
23809,Arlie Lowe II,Muhammad_Treutel@hotmail.com
56216,Trudie Bergnaum IV,Peter.Morar@hotmail.com
